{"cameraMode":{"drawMode":0,"name":"Shaded","section":"Shading Mode"},"sceneLighting":false,"audioPlay":false,"sceneViewState":{"showFog":true,"showMaterialUpdate":false,"showSkybox":true,"showFlares":true,"showImageEffects":true,"showParticleSystems":true},"in2DMode":false,"pivot":{"x":1.0935431718826295,"y":-6.1346306800842289,"z":-0.048558950424194339},"rotation":{"x":-0.011346395127475262,"y":-0.3254382908344269,"z":-0.003905450226739049,"w":0.9454872608184815},"size":2.236104965209961,"orthographic":false}